{
  "oracle_conservative": {
    "0": 10.715771951727008,
    "1": 38.721804511278194,
    "2": 1.051449571253573,
    "3": 0.8437781600720898,
    "4": 0.8621988582143276,
    "5": 0.8087565564245108,
    "6": 0.8888505350362443,
    "7": 0.4497816593886463
  },
  "oracle_balanced": {
    "0": 32.73998728544183,
    "1": 20.275590551181104,
    "2": 4.104566828723998,
    "3": 1.1369657364888732,
    "4": 0.9072811514542924,
    "5": 0.8294411338379771,
    "6": 0.8373847579714151,
    "7": 0.30349460781424953
  },
  "oracle_aggressive": {
    "0": 110.51502145922747,
    "1": 46.31294964028777,
    "2": 20.47713717693837,
    "3": 24.535493091948545,
    "4": 0.6223038534504634,
    "5": 0.48253956355936173,
    "6": 16.018662519440124,
    "7": 0.24166037098386273
  },
  "rateIdx": {
    "0": 0.2542933607213044,
    "1": 0.5071743005426272,
    "2": 33.204384268214056,
    "3": 59.74477958236659,
    "4": 55.31686358754028,
    "5": 0.5091951750049436,
    "6": 29.837775202780996,
    "7": 29.855072463768117
  }
}