{
  "oracle_conservative": {
    "0": 29.22461062684271,
    "1": 3.9711058613481973,
    "2": 1.6682180972695309,
    "3": 0.6023113955887618,
    "4": 0.33318575615658974,
    "5": 0.4802799072646224,
    "6": 2.700606946344699,
    "7": 1940.2654255319148
  },
  "oracle_balanced": {
    "0": 269.16314935064935,
    "1": 34.51384263114072,
    "2": 3.9505308963939765,
    "3": 1.668022809167566,
    "4": 0.6020608752257914,
    "5": 0.333182591088384,
    "6": 0.4803780708278988,
    "7": 2.6979223987455994
  },
  "oracle_aggressive": {
    "0": 910.1045409181637,
    "1": 381.87803601340033,
    "2": 34.469487072875715,
    "3": 3.956907586434324,
    "4": 1.670430482742956,
    "5": 0.6023790320449813,
    "6": 0.33325759502645086,
    "7": 0.40730964519151835
  },
  "rateIdx": {
    "0": 0.5040012545803235,
    "1": 0.504542781233886,
    "2": 0.5470382214511866,
    "3": 0.6698689460740384,
    "4": 522.8926318807339,
    "5": 1.4211076047997506,
    "6": 277.5181832014607,
    "7": 260.54992857142855
  }
}